{
  "v": "5.7.3",
  "fr": 30,
  "ip": 70,
  "op": 91,
  "w": 180,
  "h": 180,
  "nm": "Top 1",
  "ddd": 0,
  "assets": [],
  "layers": [
    {
      "ddd": 0,
      "ind": 1,
      "ty": 4,
      "nm": "1-1",
      "sr": 1,
      "ks": {
        "o": {
          "a": 1,
          "k": [
            {
              "i": { "x": [0.564], "y": [1.121] },
              "o": { "x": [0.183], "y": [-0.051] },
              "t": 0,
              "s": [0]
            },
            {
              "i": { "x": [0.635], "y": [-2.647] },
              "o": { "x": [0.158], "y": [-10.95] },
              "t": 20,
              "s": [100]
            },
            {
              "i": { "x": [0.811], "y": [1] },
              "o": { "x": [0.438], "y": [-0.017] },
              "t": 70,
              "s": [100]
            },
            {
              "i": { "x": [0.99], "y": [0.993] },
              "o": { "x": [0.167], "y": [0] },
              "t": 90,
              "s": [0]
            },
            {
              "i": { "x": [0.564], "y": [1.121] },
              "o": { "x": [0.183], "y": [-0.051] },
              "t": 110,
              "s": [0]
            },
            {
              "i": { "x": [0.635], "y": [-2.647] },
              "o": { "x": [0.158], "y": [-10.95] },
              "t": 130,
              "s": [100]
            },
            {
              "i": { "x": [0.811], "y": [1] },
              "o": { "x": [0.438], "y": [-0.017] },
              "t": 180,
              "s": [100]
            },
            { "t": 200, "s": [0] }
          ],
          "ix": 11
        },
        "r": { "a": 0, "k": 0, "ix": 10 },
        "p": { "a": 0, "k": [90.678, 90.928, 0], "ix": 2 },
        "a": { "a": 0, "k": [51.178, 214.428, 0], "ix": 1 },
        "s": {
          "a": 1,
          "k": [
            {
              "i": { "x": [0.833, 0.833, 0.833], "y": [0.875, 0.875, 1] },
              "o": { "x": [0.167, 0.167, 0.167], "y": [0.125, 0.125, 0] },
              "t": 0,
              "s": [0, 0, 100]
            },
            {
              "i": { "x": [0.99, 0.99, 0.99], "y": [1, 1, 1] },
              "o": { "x": [0.167, 0.167, 0.167], "y": [0, 0, 0.111] },
              "t": 90,
              "s": [250, 250, 100]
            },
            {
              "i": { "x": [0.833, 0.833, 0.833], "y": [0.875, 0.875, 1] },
              "o": { "x": [0.167, 0.167, 0.167], "y": [0.125, 0.125, 0] },
              "t": 110,
              "s": [0, 0, 100]
            },
            { "t": 200, "s": [250, 250, 100] }
          ],
          "ix": 6
        }
      },
      "ao": 0,
      "shapes": [
        {
          "ty": "gr",
          "it": [
            {
              "ind": 0,
              "ty": "sh",
              "ix": 1,
              "ks": {
                "a": 0,
                "k": {
                  "i": [
                    [13.767, 0],
                    [0, -13.767],
                    [-13.767, 0],
                    [0, 13.767]
                  ],
                  "o": [
                    [-13.767, 0],
                    [0, 13.767],
                    [13.767, 0],
                    [0, -13.767]
                  ],
                  "v": [
                    [-6.25, -28.428],
                    [-31.178, -3.5],
                    [-6.25, 21.428],
                    [18.678, -3.5]
                  ],
                  "c": true
                },
                "ix": 2
              },
              "nm": "Path 1",
              "mn": "ADBE Vector Shape - Group",
              "hd": false
            },
            {
              "ty": "st",
              "c": { "a": 0, "k": [1, 0.796078431373, 0.239215686275, 1], "ix": 3 },
              "o": { "a": 0, "k": 100, "ix": 4 },
              "w": { "a": 0, "k": 5, "ix": 5 },
              "lc": 1,
              "lj": 1,
              "ml": 4,
              "bm": 0,
              "nm": "描边 1",
              "mn": "ADBE Vector Graphic - Stroke",
              "hd": false
            },
            {
              "ty": "tr",
              "p": { "a": 0, "k": [57.428, 217.928], "ix": 2 },
              "a": { "a": 0, "k": [0, 0], "ix": 1 },
              "s": { "a": 0, "k": [100, 100], "ix": 3 },
              "r": { "a": 0, "k": 0, "ix": 6 },
              "o": { "a": 0, "k": 100, "ix": 7 },
              "sk": { "a": 0, "k": 0, "ix": 4 },
              "sa": { "a": 0, "k": 0, "ix": 5 },
              "nm": "Transform"
            }
          ],
          "nm": "椭圆 1",
          "np": 2,
          "cix": 2,
          "bm": 0,
          "ix": 1,
          "mn": "ADBE Vector Group",
          "hd": false
        }
      ],
      "ip": 0,
      "op": 300,
      "st": 0,
      "bm": 0
    },
    {
      "ddd": 0,
      "ind": 2,
      "ty": 4,
      "nm": "1-2",
      "sr": 1,
      "ks": {
        "o": {
          "a": 1,
          "k": [
            {
              "i": { "x": [0.564], "y": [1.121] },
              "o": { "x": [0.183], "y": [-0.051] },
              "t": 20,
              "s": [0]
            },
            {
              "i": { "x": [0.635], "y": [-2.647] },
              "o": { "x": [0.158], "y": [-10.95] },
              "t": 40,
              "s": [100]
            },
            {
              "i": { "x": [0.811], "y": [1] },
              "o": { "x": [0.438], "y": [-0.017] },
              "t": 90,
              "s": [100]
            },
            {
              "i": { "x": [0.833], "y": [0.889] },
              "o": { "x": [0.167], "y": [0] },
              "t": 110,
              "s": [0]
            },
            {
              "i": { "x": [0.564], "y": [1.121] },
              "o": { "x": [0.183], "y": [-0.051] },
              "t": 130,
              "s": [0]
            },
            {
              "i": { "x": [0.635], "y": [-2.647] },
              "o": { "x": [0.158], "y": [-10.95] },
              "t": 150,
              "s": [100]
            },
            {
              "i": { "x": [0.811], "y": [1] },
              "o": { "x": [0.438], "y": [-0.017] },
              "t": 200,
              "s": [100]
            },
            { "t": 220, "s": [0] }
          ],
          "ix": 11
        },
        "r": { "a": 0, "k": 0, "ix": 10 },
        "p": { "a": 0, "k": [90.678, 90.928, 0], "ix": 2 },
        "a": { "a": 0, "k": [51.178, 214.428, 0], "ix": 1 },
        "s": {
          "a": 1,
          "k": [
            {
              "i": { "x": [0.833, 0.833, 0.833], "y": [0.875, 0.875, 1] },
              "o": { "x": [0.167, 0.167, 0.167], "y": [0.125, 0.125, 0] },
              "t": 20,
              "s": [0, 0, 100]
            },
            {
              "i": { "x": [0.833, 0.833, 0.833], "y": [1, 1, 1] },
              "o": { "x": [0.167, 0.167, 0.167], "y": [0, 0, 0.111] },
              "t": 110,
              "s": [250, 250, 100]
            },
            {
              "i": { "x": [0.833, 0.833, 0.833], "y": [0.875, 0.875, 1] },
              "o": { "x": [0.167, 0.167, 0.167], "y": [0.125, 0.125, 0] },
              "t": 130,
              "s": [0, 0, 100]
            },
            { "t": 220, "s": [250, 250, 100] }
          ],
          "ix": 6
        }
      },
      "ao": 0,
      "shapes": [
        {
          "ty": "gr",
          "it": [
            {
              "ind": 0,
              "ty": "sh",
              "ix": 1,
              "ks": {
                "a": 0,
                "k": {
                  "i": [
                    [13.767, 0],
                    [0, -13.767],
                    [-13.767, 0],
                    [0, 13.767]
                  ],
                  "o": [
                    [-13.767, 0],
                    [0, 13.767],
                    [13.767, 0],
                    [0, -13.767]
                  ],
                  "v": [
                    [-6.25, -28.428],
                    [-31.178, -3.5],
                    [-6.25, 21.428],
                    [18.678, -3.5]
                  ],
                  "c": true
                },
                "ix": 2
              },
              "nm": "Path 1",
              "mn": "ADBE Vector Shape - Group",
              "hd": false
            },
            {
              "ty": "st",
              "c": { "a": 0, "k": [1, 0.796078431373, 0.239215686275, 1], "ix": 3 },
              "o": { "a": 0, "k": 100, "ix": 4 },
              "w": { "a": 0, "k": 5, "ix": 5 },
              "lc": 1,
              "lj": 1,
              "ml": 4,
              "bm": 0,
              "nm": "描边 1",
              "mn": "ADBE Vector Graphic - Stroke",
              "hd": false
            },
            {
              "ty": "tr",
              "p": { "a": 0, "k": [57.428, 217.928], "ix": 2 },
              "a": { "a": 0, "k": [0, 0], "ix": 1 },
              "s": { "a": 0, "k": [100, 100], "ix": 3 },
              "r": { "a": 0, "k": 0, "ix": 6 },
              "o": { "a": 0, "k": 100, "ix": 7 },
              "sk": { "a": 0, "k": 0, "ix": 4 },
              "sa": { "a": 0, "k": 0, "ix": 5 },
              "nm": "Transform"
            }
          ],
          "nm": "椭圆 1",
          "np": 2,
          "cix": 2,
          "bm": 0,
          "ix": 1,
          "mn": "ADBE Vector Group",
          "hd": false
        }
      ],
      "ip": 0,
      "op": 300,
      "st": 0,
      "bm": 0
    },
    {
      "ddd": 0,
      "ind": 3,
      "ty": 4,
      "nm": "1-3",
      "sr": 1,
      "ks": {
        "o": {
          "a": 1,
          "k": [
            {
              "i": { "x": [0.564], "y": [1.121] },
              "o": { "x": [0.183], "y": [-0.051] },
              "t": 40,
              "s": [0]
            },
            {
              "i": { "x": [0.635], "y": [-2.647] },
              "o": { "x": [0.158], "y": [-10.95] },
              "t": 60,
              "s": [100]
            },
            {
              "i": { "x": [0.811], "y": [1] },
              "o": { "x": [0.438], "y": [-0.017] },
              "t": 110,
              "s": [100]
            },
            {
              "i": { "x": [0.833], "y": [0.889] },
              "o": { "x": [0.167], "y": [0] },
              "t": 130,
              "s": [0]
            },
            {
              "i": { "x": [0.564], "y": [1.121] },
              "o": { "x": [0.183], "y": [-0.051] },
              "t": 150,
              "s": [0]
            },
            {
              "i": { "x": [0.635], "y": [-2.647] },
              "o": { "x": [0.158], "y": [-10.95] },
              "t": 170,
              "s": [100]
            },
            {
              "i": { "x": [0.811], "y": [1] },
              "o": { "x": [0.438], "y": [-0.017] },
              "t": 220,
              "s": [100]
            },
            { "t": 240, "s": [0] }
          ],
          "ix": 11
        },
        "r": { "a": 0, "k": 0, "ix": 10 },
        "p": { "a": 0, "k": [90.678, 90.928, 0], "ix": 2 },
        "a": { "a": 0, "k": [51.178, 214.428, 0], "ix": 1 },
        "s": {
          "a": 1,
          "k": [
            {
              "i": { "x": [0.833, 0.833, 0.833], "y": [0.875, 0.875, 1] },
              "o": { "x": [0.167, 0.167, 0.167], "y": [0.125, 0.125, 0] },
              "t": 40,
              "s": [0, 0, 100]
            },
            {
              "i": { "x": [0.833, 0.833, 0.833], "y": [1, 1, 1] },
              "o": { "x": [0.167, 0.167, 0.167], "y": [0, 0, 0.111] },
              "t": 130,
              "s": [250, 250, 100]
            },
            {
              "i": { "x": [0.833, 0.833, 0.833], "y": [0.875, 0.875, 1] },
              "o": { "x": [0.167, 0.167, 0.167], "y": [0.125, 0.125, 0] },
              "t": 150,
              "s": [0, 0, 100]
            },
            { "t": 240, "s": [250, 250, 100] }
          ],
          "ix": 6
        }
      },
      "ao": 0,
      "shapes": [
        {
          "ty": "gr",
          "it": [
            {
              "ind": 0,
              "ty": "sh",
              "ix": 1,
              "ks": {
                "a": 0,
                "k": {
                  "i": [
                    [13.767, 0],
                    [0, -13.767],
                    [-13.767, 0],
                    [0, 13.767]
                  ],
                  "o": [
                    [-13.767, 0],
                    [0, 13.767],
                    [13.767, 0],
                    [0, -13.767]
                  ],
                  "v": [
                    [-6.25, -28.428],
                    [-31.178, -3.5],
                    [-6.25, 21.428],
                    [18.678, -3.5]
                  ],
                  "c": true
                },
                "ix": 2
              },
              "nm": "Path 1",
              "mn": "ADBE Vector Shape - Group",
              "hd": false
            },
            {
              "ty": "st",
              "c": { "a": 0, "k": [1, 0.796078431373, 0.239215686275, 1], "ix": 3 },
              "o": { "a": 0, "k": 100, "ix": 4 },
              "w": { "a": 0, "k": 5, "ix": 5 },
              "lc": 1,
              "lj": 1,
              "ml": 4,
              "bm": 0,
              "nm": "描边 1",
              "mn": "ADBE Vector Graphic - Stroke",
              "hd": false
            },
            {
              "ty": "tr",
              "p": { "a": 0, "k": [57.428, 217.928], "ix": 2 },
              "a": { "a": 0, "k": [0, 0], "ix": 1 },
              "s": { "a": 0, "k": [100, 100], "ix": 3 },
              "r": { "a": 0, "k": 0, "ix": 6 },
              "o": { "a": 0, "k": 100, "ix": 7 },
              "sk": { "a": 0, "k": 0, "ix": 4 },
              "sa": { "a": 0, "k": 0, "ix": 5 },
              "nm": "Transform"
            }
          ],
          "nm": "椭圆 1",
          "np": 2,
          "cix": 2,
          "bm": 0,
          "ix": 1,
          "mn": "ADBE Vector Group",
          "hd": false
        }
      ],
      "ip": 0,
      "op": 300,
      "st": 0,
      "bm": 0
    },
    {
      "ddd": 0,
      "ind": 4,
      "ty": 4,
      "nm": "1-4",
      "sr": 1,
      "ks": {
        "o": {
          "a": 1,
          "k": [
            {
              "i": { "x": [0.564], "y": [1.121] },
              "o": { "x": [0.183], "y": [-0.051] },
              "t": 60,
              "s": [0]
            },
            {
              "i": { "x": [0.635], "y": [-2.647] },
              "o": { "x": [0.158], "y": [-10.95] },
              "t": 80,
              "s": [100]
            },
            {
              "i": { "x": [0.811], "y": [1] },
              "o": { "x": [0.438], "y": [-0.017] },
              "t": 130,
              "s": [100]
            },
            {
              "i": { "x": [0.833], "y": [0.889] },
              "o": { "x": [0.167], "y": [0] },
              "t": 150,
              "s": [0]
            },
            {
              "i": { "x": [0.564], "y": [1.121] },
              "o": { "x": [0.183], "y": [-0.051] },
              "t": 170,
              "s": [0]
            },
            {
              "i": { "x": [0.635], "y": [-2.647] },
              "o": { "x": [0.158], "y": [-10.95] },
              "t": 190,
              "s": [100]
            },
            {
              "i": { "x": [0.811], "y": [1] },
              "o": { "x": [0.438], "y": [-0.017] },
              "t": 240,
              "s": [100]
            },
            { "t": 260, "s": [0] }
          ],
          "ix": 11
        },
        "r": { "a": 0, "k": 0, "ix": 10 },
        "p": { "a": 0, "k": [90.678, 90.928, 0], "ix": 2 },
        "a": { "a": 0, "k": [51.178, 214.428, 0], "ix": 1 },
        "s": {
          "a": 1,
          "k": [
            {
              "i": { "x": [0.833, 0.833, 0.833], "y": [0.875, 0.875, 1] },
              "o": { "x": [0.167, 0.167, 0.167], "y": [0.125, 0.125, 0] },
              "t": 60,
              "s": [0, 0, 100]
            },
            {
              "i": { "x": [0.833, 0.833, 0.833], "y": [1, 1, 1] },
              "o": { "x": [0.167, 0.167, 0.167], "y": [0, 0, 0.111] },
              "t": 150,
              "s": [250, 250, 100]
            },
            {
              "i": { "x": [0.833, 0.833, 0.833], "y": [0.875, 0.875, 1] },
              "o": { "x": [0.167, 0.167, 0.167], "y": [0.125, 0.125, 0] },
              "t": 170,
              "s": [0, 0, 100]
            },
            { "t": 260, "s": [250, 250, 100] }
          ],
          "ix": 6
        }
      },
      "ao": 0,
      "shapes": [
        {
          "ty": "gr",
          "it": [
            {
              "ind": 0,
              "ty": "sh",
              "ix": 1,
              "ks": {
                "a": 0,
                "k": {
                  "i": [
                    [13.767, 0],
                    [0, -13.767],
                    [-13.767, 0],
                    [0, 13.767]
                  ],
                  "o": [
                    [-13.767, 0],
                    [0, 13.767],
                    [13.767, 0],
                    [0, -13.767]
                  ],
                  "v": [
                    [-6.25, -28.428],
                    [-31.178, -3.5],
                    [-6.25, 21.428],
                    [18.678, -3.5]
                  ],
                  "c": true
                },
                "ix": 2
              },
              "nm": "Path 1",
              "mn": "ADBE Vector Shape - Group",
              "hd": false
            },
            {
              "ty": "st",
              "c": { "a": 0, "k": [1, 0.796078431373, 0.239215686275, 1], "ix": 3 },
              "o": { "a": 0, "k": 100, "ix": 4 },
              "w": { "a": 0, "k": 5, "ix": 5 },
              "lc": 1,
              "lj": 1,
              "ml": 4,
              "bm": 0,
              "nm": "描边 1",
              "mn": "ADBE Vector Graphic - Stroke",
              "hd": false
            },
            {
              "ty": "tr",
              "p": { "a": 0, "k": [57.428, 217.928], "ix": 2 },
              "a": { "a": 0, "k": [0, 0], "ix": 1 },
              "s": { "a": 0, "k": [100, 100], "ix": 3 },
              "r": { "a": 0, "k": 0, "ix": 6 },
              "o": { "a": 0, "k": 100, "ix": 7 },
              "sk": { "a": 0, "k": 0, "ix": 4 },
              "sa": { "a": 0, "k": 0, "ix": 5 },
              "nm": "Transform"
            }
          ],
          "nm": "椭圆 1",
          "np": 2,
          "cix": 2,
          "bm": 0,
          "ix": 1,
          "mn": "ADBE Vector Group",
          "hd": false
        }
      ],
      "ip": 0,
      "op": 300,
      "st": 0,
      "bm": 0
    },
    {
      "ddd": 0,
      "ind": 5,
      "ty": 4,
      "nm": "1-5",
      "sr": 1,
      "ks": {
        "o": {
          "a": 1,
          "k": [
            {
              "i": { "x": [0.564], "y": [1.121] },
              "o": { "x": [0.183], "y": [-0.051] },
              "t": 80,
              "s": [0]
            },
            {
              "i": { "x": [0.635], "y": [-2.647] },
              "o": { "x": [0.158], "y": [-10.95] },
              "t": 100,
              "s": [100]
            },
            {
              "i": { "x": [0.811], "y": [1] },
              "o": { "x": [0.438], "y": [-0.017] },
              "t": 150,
              "s": [100]
            },
            {
              "i": { "x": [0.833], "y": [0.889] },
              "o": { "x": [0.167], "y": [0] },
              "t": 170,
              "s": [0]
            },
            {
              "i": { "x": [0.564], "y": [1.121] },
              "o": { "x": [0.183], "y": [-0.051] },
              "t": 190,
              "s": [0]
            },
            {
              "i": { "x": [0.635], "y": [-2.647] },
              "o": { "x": [0.158], "y": [-10.95] },
              "t": 210,
              "s": [100]
            },
            {
              "i": { "x": [0.811], "y": [1] },
              "o": { "x": [0.438], "y": [-0.017] },
              "t": 260,
              "s": [100]
            },
            { "t": 280, "s": [0] }
          ],
          "ix": 11
        },
        "r": { "a": 0, "k": 0, "ix": 10 },
        "p": { "a": 0, "k": [90.678, 90.928, 0], "ix": 2 },
        "a": { "a": 0, "k": [51.178, 214.428, 0], "ix": 1 },
        "s": {
          "a": 1,
          "k": [
            {
              "i": { "x": [0.833, 0.833, 0.833], "y": [0.875, 0.875, 1] },
              "o": { "x": [0.167, 0.167, 0.167], "y": [0.125, 0.125, 0] },
              "t": 80,
              "s": [0, 0, 100]
            },
            {
              "i": { "x": [0.833, 0.833, 0.833], "y": [1, 1, 1] },
              "o": { "x": [0.167, 0.167, 0.167], "y": [0, 0, 0.111] },
              "t": 170,
              "s": [250, 250, 100]
            },
            {
              "i": { "x": [0.833, 0.833, 0.833], "y": [0.875, 0.875, 1] },
              "o": { "x": [0.167, 0.167, 0.167], "y": [0.125, 0.125, 0] },
              "t": 190,
              "s": [0, 0, 100]
            },
            { "t": 280, "s": [250, 250, 100] }
          ],
          "ix": 6
        }
      },
      "ao": 0,
      "shapes": [
        {
          "ty": "gr",
          "it": [
            {
              "ind": 0,
              "ty": "sh",
              "ix": 1,
              "ks": {
                "a": 0,
                "k": {
                  "i": [
                    [13.767, 0],
                    [0, -13.767],
                    [-13.767, 0],
                    [0, 13.767]
                  ],
                  "o": [
                    [-13.767, 0],
                    [0, 13.767],
                    [13.767, 0],
                    [0, -13.767]
                  ],
                  "v": [
                    [-6.25, -28.428],
                    [-31.178, -3.5],
                    [-6.25, 21.428],
                    [18.678, -3.5]
                  ],
                  "c": true
                },
                "ix": 2
              },
              "nm": "Path 1",
              "mn": "ADBE Vector Shape - Group",
              "hd": false
            },
            {
              "ty": "st",
              "c": { "a": 0, "k": [1, 0.796078431373, 0.239215686275, 1], "ix": 3 },
              "o": { "a": 0, "k": 100, "ix": 4 },
              "w": { "a": 0, "k": 5, "ix": 5 },
              "lc": 1,
              "lj": 1,
              "ml": 4,
              "bm": 0,
              "nm": "描边 1",
              "mn": "ADBE Vector Graphic - Stroke",
              "hd": false
            },
            {
              "ty": "tr",
              "p": { "a": 0, "k": [57.428, 217.928], "ix": 2 },
              "a": { "a": 0, "k": [0, 0], "ix": 1 },
              "s": { "a": 0, "k": [100, 100], "ix": 3 },
              "r": { "a": 0, "k": 0, "ix": 6 },
              "o": { "a": 0, "k": 100, "ix": 7 },
              "sk": { "a": 0, "k": 0, "ix": 4 },
              "sa": { "a": 0, "k": 0, "ix": 5 },
              "nm": "Transform"
            }
          ],
          "nm": "椭圆 1",
          "np": 2,
          "cix": 2,
          "bm": 0,
          "ix": 1,
          "mn": "ADBE Vector Group",
          "hd": false
        }
      ],
      "ip": 0,
      "op": 300,
      "st": 0,
      "bm": 0
    }
  ],
  "markers": []
}
